FirstName,LastName,Company,Email,Phone,Address,City,Zip
Lewis,Austin,Curabitur Vel Consulting,nisi.magna@velitAliquam.net,(764) 275-0337,"P.O. Box 618, 3942 Nunc St.",Badalona,15881
Emerald,Ballard,Ipsum Porta Elit Corp.,molestie@Donecfeugiatmetus.com,(876) 631-9188,"712-9782 Tincidunt, St.",Vernon,15562
Tobias,Swanson,Sed Institute,libero@Sedeunibh.ca,(904) 441-0085,340-3895 Eros Ave,Stamford,24068
Igor,Sears,Ac Tellus Suspendisse Foundation,malesuada.fames@Utsemper.org,(786) 745-8042,Ap #248-5953 Faucibus St.,Goes,6090
Tallulah,Shields,Eros Non Incorporated,lacus.Cras@euismod.net,(853) 312-2558,"P.O. Box 237, 7854 Cursus St.",Rocky Mountain House,92682
Leroy,Macdonald,Ipsum Consulting,quam.vel@convallis.net,(743) 855-6970,Ap #775-8577 Velit. Av.,Garbsen,59081
Darryl,Joyner,Mauris Integer Sem Consulting,lorem.Donec@ametmetus.org,(455) 841-5362,"8803 Convallis, Av.",Dordrecht,7092ZL
Maggy,Mason,Luctus Sit Amet Company,sapien@sedconsequat.com,(850) 729-0783,"P.O. Box 311, 581 Urna, Avenue",Crescentino,3468
Hope,Blair,Sit Amet Risus Corp.,id@nonnisi.co.uk,(470) 388-0220,"P.O. Box 192, 8667 Ultrices Rd.",Westmount,X8Y 4Y2
Michelle,Duffy,Penatibus PC,non@pharetrautpharetra.org,(116) 142-1502,4368 In Street,Erpe,14737-207
Shana,Woodard,Nec Urna Suscipit Company,libero.lacus.varius@Curabitur.edu,(301) 674-3160,"P.O. Box 589, 3170 Justo Av.",Cairo Montenotte,2989
Xandra,Mccullough,Interdum Limited,consequat@interdumCurabiturdictum.org,(130) 773-9433,"6289 Eget, Road",Luttre,67668
Latifah,Summers,Et Inc.,mus@velvenenatisvel.com,(495) 744-3720,574-7406 Donec Avenue,Wismar,93540
Vaughan,Strong,Id Libero Corp.,mauris.erat@Fusce.com,(854) 362-6492,"P.O. Box 450, 8541 Curae; Avenue",Covington,5818
McKenzie,Odom,Aliquam LLC,metus.urna@hendreritnequeIn.co.uk,(531) 828-1419,Ap #575-1781 Phasellus Road,Nalinnes,32330
Lawrence,Cummings,Scelerisque LLC,In@tinciduntDonecvitae.org,(800) 610-2861,Ap #988-2952 Id Rd.,Hanau,0387QR
Rahim,Quinn,Nunc Institute,erat.nonummy@euneque.org,(924) 386-7723,"P.O. Box 697, 2517 Enim St.",Merksem,61545
Ebony,Sparks,Ante Nunc Incorporated,pellentesque.a.facilisis@estNunclaoreet.edu,(373) 389-5096,748-9444 Ut Rd.,Vaughan,1753
Maia,Barrera,Tortor At Risus Institute,Aliquam.erat@scelerisque.edu,(974) 879-8658,Ap #273-4665 Luctus St.,Castri di Lecce,1752
Nayda,Gomez,Ac Mattis Corp.,diam.Sed@Phasellusvitaemauris.com,(118) 267-4143,"P.O. Box 804, 950 Sollicitudin Av.",Dolcedo,88626
Silas,Horton,Aliquam Eu Accumsan Incorporated,quis.urna.Nunc@a.co.uk,(669) 496-4757,"P.O. Box 788, 8414 Pellentesque St.",Saint-Jean-Geest,75956
Felix,Hansen,Tortor Incorporated,dapibus.gravida@Aliquamnecenim.net,(581) 698-4141,Ap #793-5345 Semper Street,Hoofddorp,6068
Ishmael,Sutton,Faucibus Orci Luctus Ltd,ultrices.Vivamus.rhoncus@Donecnibh.com,(467) 442-5935,809-5026 Lobortis. Av.,Allerona,9593
Ingrid,Snyder,Ac Foundation,montes.nascetur.ridiculus@sed.co.uk,(882) 307-2335,789-5474 Quam Rd.,Eindhout,38658
Kiayada,Gallegos,Eleifend Egestas Sed PC,massa.non.ante@consequatdolorvitae.co.uk,(536) 811-9967,4512 Sem Rd.,Saint-Dié-des-Vosges,5517
Kerry,Mcleod,Mauris LLC,Duis@risusquis.co.uk,(104) 949-9235,Ap #257-3443 Et Rd.,Banchory,2922
Abigail,Garner,Vel Mauris Integer Associates,Morbi.accumsan.laoreet@ipsum.org,(641) 888-2708,"1686 Tincidunt, Avenue",Massimino,46737
Quynn,Roth,Lorem Luctus Consulting,morbi@Nunclaoreetlectus.net,(822) 723-5857,"P.O. Box 817, 8130 Justo St.",Kitzbühel,10893
Arden,Ortega,In Consequat Incorporated,eget.laoreet@orci.edu,(248) 372-2339,964 Congue. Av.,Forbach,8315
Felix,Dunn,Mollis Nec Cursus Limited,Nullam.nisl.Maecenas@ategestasa.net,(776) 781-6074,146-1515 Elit. Rd.,Windsor,9352
Lavinia,Lawson,Lorem Vitae Inc.,ac.sem.ut@vestibulum.net,(113) 939-9042,840-4402 Dis Av.,Sh?diac,41833
Illiana,Battle,Lobortis Tellus LLC,enim.Curabitur@eleifendvitae.co.uk,(856) 684-0224,"P.O. Box 405, 5140 Integer Rd.",Güssing,2042
Jessamine,Bentley,Nam Nulla Consulting,luctus@ultricesDuisvolutpat.net,(556) 958-2088,374-320 Massa. St.,Bearberry,8458
Armando,Gross,Eget Metus In Limited,fermentum.vel.mauris@faucibusMorbi.org,(120) 940-7329,"P.O. Box 746, 8439 Ac Rd.",Sint-Laureins-Berchem,7632
Mallory,Mcfadden,Gravida Corp.,Nunc.lectus@iaculisnec.com,(203) 885-6528,418-7638 Cras Avenue,Cwmbran,44378
Venus,Blevins,Tellus Imperdiet Non LLP,volutpat.nunc.sit@telluseuaugue.org,(234) 277-8424,"P.O. Box 736, 3523 Aliquet. Avenue",Beigem,65444
Hayden,Watts,Malesuada Malesuada Integer Inc.,nec@Ut.ca,(529) 311-9531,"P.O. Box 974, 5886 Cum St.",Henderson,35351
Germane,Mcintyre,Et Netus Et Associates,vulputate.ullamcorper.magna@metus.edu,(522) 823-8844,"Ap #549-9497 Ac, St.",Balclutha,31802
Shelly,Soto,Nulla Aliquet Corp.,aptent.taciti@Maecenas.edu,(235) 131-6374,4222 In Ave,St. Albert,7430IK
Colorado,Peterson,Cum Sociis Natoque Corp.,fringilla@aliquamiaculis.org,(353) 752-4702,9803 Phasellus Ave,Frankfort,7748
Isadora,Holloway,Magna Ltd,sollicitudin@justoPraesent.com,(989) 503-1153,641-820 Et Rd.,Anchorage,9445TJ
Harrison,Osborne,Aliquet Molestie Tellus Company,libero@molestiedapibus.org,(270) 247-9985,352-5531 Pellentesque Rd.,Devon,4959
Amy,Durham,Sem Consequat Nec Foundation,cursus.Nunc.mauris@Donecconsectetuer.net,(501) 765-5640,"P.O. Box 215, 6210 Nec, Av.",Talence,4894
Avye,Wiggins,Quisque Imperdiet Erat Foundation,tempor.bibendum.Donec@egetmagna.co.uk,(486) 131-7816,"2930 Lorem, Road",Gubbio,25894
Dean,Gay,Elementum Institute,tristique.pellentesque.tellus@Sedidrisus.co.uk,(510) 374-0031,"P.O. Box 741, 4802 Faucibus Ave",Oxford County,8941
Eugenia,Landry,A LLP,nunc@Aliquamauctor.org,(706) 657-6980,"Ap #149-9876 Id, Avenue",Sanquhar,Xxxx
Sierra,Parks,Nec Leo Company,Cras@leo.com,(903) 583-1498,Ap #160-4187 Fusce Av.,Bristol,42073
Indira,Battle,Sit LLC,quis.tristique.ac@vulputateposuerevulputate.net,(688) 558-9263,"4052 Lorem, Street",Notre-Dame-de-la-Salette,31310
Chase,Diaz,Feugiat Metus Sit Company,Cras.interdum@sitametluctus.org,(787) 416-6001,"8990 Odio, Avenue",L?rrach,30918
Gray,Figueroa,A Malesuada LLC,eros.turpis@eget.edu,(389) 502-6279,724-236 Mauris Road,Merzig,Xxxx
Basia,Kramer,Et Industries,amet.massa@mauriserateget.net,(100) 138-0792,"P.O. Box 419, 5259 Scelerisque Street",Nevers,56556
Suki,Ingram,Sed Pede Nec LLP,pede.Nunc.sed@turpisegestas.org,(251) 413-5719,Ap #168-3926 Lobortis. Av.,Leoben,3374SW
Addison,Sharpe,Non Inc.,metus.Aliquam.erat@ametconsectetuer.edu,(242) 668-5302,"Ap #332-7446 Non, Ave",Albagiara,59675
Elvis,Matthews,Metus Limited,lacinia.at@sed.co.uk,(104) 547-7893,7834 Vivamus Street,Annapolis Royal,Xxxx
Fletcher,Alford,Magna A Neque Limited,Cum.sociis.natoque@tellusPhaselluselit.com,(224) 214-1696,435-992 Varius Ave,Borgo Valsugana,35601
Stewart,Carrillo,Lorem Auctor Incorporated,Nam.nulla@euelit.net,(265) 606-4650,"1694 Sed, Road",Manfredonia,89564
Risa,Knapp,Augue Porttitor Company,lorem@aliquetmetusurna.com,(265) 657-5529,Ap #638-3400 Sagittis Ave,Huntly,50415
Wing,Guerra,Sit Limited,Nam.ac.nulla@dolor.org,(796) 603-2679,"P.O. Box 323, 7713 Nam St.",Hard,93169
Claire,Wynn,Lectus Foundation,sed@tincidunttempusrisus.com,(541) 607-3662,8484 Neque St.,Borghetto di Borbera,40300
Josephine,Gray,Ligula Donec Luctus PC,pede@fringillaporttitorvulputate.com,(529) 253-2520,"P.O. Box 952, 3412 Ridiculus Avenue",Tourinne,11818
Audrey,Kennedy,Urna Nullam Lobortis Consulting,Duis@tempus.net,(418) 488-5718,979-6494 Euismod Av.,Dole,1368
Noel,Sargent,Non Cursus Non Foundation,sem.magna@euismodest.org,(759) 624-7486,4709 Proin Street,Broken Hill,31706
Erica,Bridges,Lacus Limited,cursus.et.magna@semeget.net,(912) 878-1722,Ap #596-8853 Ipsum. Ave,Overrepen,56048
Giacomo,Emerson,Praesent Eu LLC,enim.diam@vehiculaPellentesque.com,(280) 769-1938,Ap #452-1853 Sed Av.,Telde,7869AT
Rigel,Brewer,Fusce Mi Company,tellus.Suspendisse@utodio.co.uk,(392) 471-3650,319-2255 Senectus St.,Cambridge,32785
Charde,Roth,Non Lorem Vitae Corp.,magna@dictum.org,(863) 105-2161,Ap #206-9448 Nonummy. Ave,Cavaion Veronese,34954
Xanthus,Burke,Arcu Vivamus Sit Institute,ornare.facilisis.eget@erosnon.org,(549) 693-3758,Ap #445-4714 Consectetuer Av.,Stony Plain,00935
Karly,Rodriquez,Dapibus Institute,amet.luctus@justo.ca,(772) 646-0429,445-7179 Luctus Road,Bearberry,IC6P 6CG
Oprah,Mccray,Fringilla Ornare Company,pharetra.sed.hendrerit@montesnascetur.org,(847) 675-1034,8469 Velit St.,Oudekapelle,2706KJ
Joan,Shelton,Orci Limited,Sed.molestie@miDuis.net,(695) 535-9316,2761 Dis Rd.,Nerem,Xxxx
Yvette,Meadows,Dignissim Maecenas Ornare Consulting,lacus@ut.net,(754) 621-6769,577-2181 Rhoncus. Rd.,Pollein,1700
Fay,Pate,Ornare Libero Associates,nascetur.ridiculus@dui.co.uk,(696) 802-6629,Ap #541-3628 Nunc Rd.,Wijshagen,5220GV
Abdul,Sullivan,Sed Facilisis Vitae Corporation,orci@arcuiaculis.edu,(985) 349-7752,"P.O. Box 332, 8678 Velit Ave",Santa Coloma de Gramenet,Q10 1ML
Caleb,Doyle,Lectus Ltd,Curabitur.ut@scelerisqueduiSuspendisse.com,(523) 393-1690,Ap #677-668 Dictum Av.,Sete Lagoas,5356
Lacota,Morgan,Malesuada Fames Corp.,Suspendisse.sagittis.Nullam@nibhQuisquenonummy.com,(245) 277-7781,6225 Ipsum Rd.,San Martino in Pensilis,38359
Scott,Camacho,Non Industries,urna.Nullam.lobortis@consectetueradipiscingelit.co.uk,(385) 242-6447,"P.O. Box 567, 2359 Velit Street",Boulogne-Billancourt,8406
Laurel,Benton,Cras Industries,aliquet.sem.ut@Praesentinterdumligula.org,(715) 231-5794,2843 Orci St.,Mold,41788
Sydnee,Holman,Dolor Egestas Rhoncus PC,massa.rutrum@nuncullamcorper.edu,(793) 476-9001,Ap #357-7159 Pharetra Road,Tarrasa,66616
Dylan,Benton,Pede Nunc Sed Company,mauris@eratvitaerisus.org,(885) 821-1998,"Ap #552-9095 Ultrices, Rd.",Schwalbach,53101
Upton,Kent,Egestas Lacinia Sed Company,amet.consectetuer.adipiscing@hendrerit.co.uk,(288) 633-5941,766-9709 Lorem Ave,Camaragibe,1111
Edward,Anderson,Risus Nunc Ac LLC,purus@commodo.ca,(539) 333-5689,3626 Dolor Street,Argyle,1964RF
Veronica,Barrera,Sem LLC,aliquet.Phasellus@euarcuMorbi.net,(956) 304-8645,247-9045 Nunc Ave,Pictou,NE2 1NG
Melissa,Guzman,Feugiat Metus Sit Consulting,et@dui.net,(762) 640-4394,"P.O. Box 865, 9524 Augue Street",Milford Haven,Xxxx
Chaim,Stephenson,Vehicula Aliquet Limited,arcu.iaculis.enim@nibhPhasellus.ca,(510) 396-5516,"Ap #421-1722 Dolor, Rd.",Terlago,8209
Bethany,Mccullough,Iaculis Quis Ltd,sit.amet.massa@hymenaeosMauris.net,(530) 506-9229,"921-6108 Auctor, Ave",Spormaggiore,9315
Odysseus,Rush,Mauris Corp.,ante.blandit@purusaccumsaninterdum.co.uk,(940) 642-8496,574-8265 Nunc Avenue,Whittlesey,68758
Quon,Mathews,Lacinia Mattis Inc.,semper.rutrum.Fusce@In.edu,(799) 947-6056,385-3593 Nec Avenue,Isle-aux-Coudres,10802
Sheila,Hatfield,Nulla Facilisis Corp.,erat.vitae@elit.ca,(780) 450-7832,"469-7077 Et, Rd.",Saint-Urbain,32840
Geoffrey,Dominguez,Consequat Enim Diam PC,bibendum.Donec@sedpede.net,(613) 161-5128,2178 Mauris Ave,Worms,V1J 7N9
Cadman,Wise,Nisi Institute,lacus.Etiam.bibendum@mi.com,(343) 523-2257,"Ap #931-2156 A, St.",Lakeshore,Xxxx
Kasimir,Chaney,Sodales Nisi Incorporated,in.sodales@sedpedeCum.net,(456) 771-0344,3284 Enim. Ave,Perinaldo,GV0 7NS
Karly,Olson,Donec Elementum Lorem Corporation,urna@Phasellusinfelis.net,(736) 569-2456,Ap #921-9689 Erat Road,Cuceglio,5270
Venus,Lang,Aliquam Arcu Aliquam Foundation,ac@ullamcorpereueuismod.ca,(350) 853-3001,"P.O. Box 458, 3908 Sed Rd.",Cambiago,2996
Shay,Blanchard,Egestas A Consulting,morbi@Quisquefringilla.ca,(731) 172-0966,"P.O. Box 830, 4967 Interdum St.",Villa Verde,62873
Marcia,Beck,Augue Malesuada Institute,eget@idantedictum.org,(312) 911-2908,8230 Erat Avenue,Griesheim,6988
Fritz,Coleman,Donec Porttitor Tellus Corporation,dignissim@euerat.net,(387) 162-4106,"688-7374 Lorem, St.",Morolo,F42 9PX
Dakota,Baldwin,Facilisis Foundation,natoque.penatibus@Phasellus.com,(176) 928-1099,235-6149 Enim. Street,Donk,91612
Sigourney,Cross,Egestas Hendrerit Neque Corporation,lectus@per.com,(315) 632-2907,Ap #545-4878 Non Ave,Llangefni,61510
Tanya,Farmer,Vel Ltd,erat.vitae@a.edu,(470) 297-7423,Ap #546-7040 Risus. Av.,York,2220FQ
Phyllis,Daniel,Primis In Faucibus Consulting,ipsum.Phasellus@dolor.edu,(166) 738-2617,Ap #329-7236 Et Rd.,Montgomery,4005